{"cameraMode":{"drawMode":0,"name":"Shaded","section":"Shading Mode"},"sceneLighting":false,"audioPlay":false,"sceneViewState":{"showFog":true,"showMaterialUpdate":false,"showSkybox":true,"showFlares":true,"showImageEffects":true,"showParticleSystems":true},"in2DMode":false,"pivot":{"x":3.6365737915039064,"y":9.861785888671875,"z":-13.71484375},"rotation":{"x":-0.15397891402244569,"y":-0.2707054913043976,"z":0.043911051005125049,"w":-0.9492534399032593},"size":29.61719512939453,"orthographic":false}